Workbook

Sheet 4637
G2: MUEBLES SANTA FE SPA
G3: VENTAS POR MENOR DE MUEBLES
G4: RUT: 77.054.606-0
G5: SEPTIMA AVENIDA 1631, SAN MIGUEL
G6: FONO 22521 6502
G7: E-MAIL: ventas@topmobili.cl
B8: P R E S U P U E S T O | D8: N° 11758 | G8: NOTA DE VENTA : | H8: 7329
B10: CLIENTE: | C10: CONSTRUCTORA HALTRA | G10: FECHA : | H10: 45987
B11: RUT: | C11: 77.641.901-3 | G11: FECHA LIMITE : | H11: 45996
B12: GIRO: | C12: FABRICACION DE MUEBLES | G12: ORDEN DE COMPRA:
B13: CONTACTO: | C13: CRISTIAN SUAZO | G13: HECHO POR:
B14: CORREO: | G14: OBRA:
B15: FONO: | C15: +569 9230 4650 | G15: SERVICIO EXPRESS:
B16: DIRECCION: | G16: FORMA DE PAGO : | H16: CONTADO
B17: CIUDAD: | C17: SANTIAGO | G17: VALIDEZ COTIZACIÓN: 5 DÍAS
B20: D E T A L L E
B21: UNIDAD | C21: TIPO | D21: LARGO | E21: ANCHO | F21: CANTOS PVC | G21: COLOR | H21: VALOR | I21: TOTAL
B22: 3 | C22: E/R 2 CARAS MDF 30MM FRONTAL | D22: 1500 | E22: 800 | F22: 2L 1A | G22: SILVER LEGNO OAK 10879 SF | H22: 123982 | I22: =H22*B22 -> 371946
B23: 2 | C23: E/R 2 CARAS MDF 30MM FRONTAL | D23: 1500 | E23: 1100 | F23: 2L 1A | G23: SILVER LEGNO OAK 10879 SF
B24: 13 | C24: E/R 1 CARA MDF 30MM COSTADOS | D24: 750 | E24: 460 | F24: 1L | G24: SILVER LEGNO OAK 10879 SF | J24: 11
B25: 4 | C25: E/R 1 CARA MDF 30MM COSTADOS | D25: 700 | E25: 520 | F25: 1L | G25: SILVER LEGNO OAK 10879 SF
B26: 1 | C26: CUB FRENTE RECTO 2 LADOS | D26: 1430 | E26: 700 | F26: 2L | G26: FASHION GREY 21371 SF
B27: 1 | C27: CUB FRENTE RECTO 2 LADOS | D27: 1460 | E27: 700 | F27: 2L | G27: FASHION GREY 21371 SF
B28: 2 | C28: CUB FRENTE RECTO 2 LADOS | D28: 620 | E28: 500 | F28: 1A | G28: FASHION GREY 21371 SF
B29: 2 | C29: CUB FRENTE RECTO 2 LADOS | D29: 1280 | E29: 700 | F29: 2L | G29: FASHION GREY 21371 SF
B30: 1 | C30: CUB FRENTE RECTO 2 LADOS | D30: 1310 | E30: 700 | F30: 2L | G30: FASHION GREY 21371 SF
B31: 1 | C31: CUB FRENTE RECTO 2 LADOS | D31: 1860 | E31: 700 | F31: 2L | G31: FASHION GREY 21371 SF
B32: 2 | C32: CUB FRENTE RECTO 2 LADOS | D32: 1580 | E32: 700 | F32: 2L | G32: FASHION GREY 21371 SF
B33: 1 | C33: CUB FRENTE RECTO 2 LADOS | D33: 1670 | E33: 700 | F33: 2L | G33: FASHION GREY 21371 SF
B34: 1 | C34: E/R 1 CARA MDF 18MM FALDON | D34: 1430 | E34: 700 | G34: FASHION GREY 21371 SF
B35: 1 | C35: E/R 1 CARA MDF 18MM FALDON | D35: 1460 | E35: 700 | G35: FASHION GREY 21371 SF
B36: 2 | C36: E/R 1 CARA MDF 18MM FALDON | D36: 620 | E36: 350 | F36: 1L | G36: FASHION GREY 21371 SF
B37: 2 | C37: E/R 1 CARA MDF 18MM FALDON | D37: 1280 | E37: 700 | G37: FASHION GREY 21371 SF
B38: 1 | C38: E/R 1 CARA MDF 18MM FALDON | D38: 1310 | E38: 700 | G38: FASHION GREY 21371 SF
B39: 1 | C39: E/R 1 CARA MDF 18MM FALDON | D39: 1860 | E39: 700 | G39: FASHION GREY 21371 SF
B40: 2 | C40: E/R 1 CARA MDF 18MM FALDON | D40: 1580 | E40: 700 | G40: FASHION GREY 21371 SF
B41: 1 | C41: E/R 1 CARA MDF 18MM FALDON | D41: 1670 | E41: 700 | G41: FASHION GREY 21371 SF
B42: 9 | C42: PR6 | D42: 550 | E42: 398 | F42: FRENTES | G42: FASHION GREY 21371 SF
H46: NETO
H47: I.V.A.
H48: TOTAL
E50: WWW.TOPMOBILICHILE.CL
B53: CUENTA CORRIENTE BANCO SANATNDER N° 87316181 A NOMBRE DE
B54: "MUEBLES SANTA FE SPA." - RUT : 77.054.606-0, CORREO: FRANCODONOSO@TOPMOBILI.CL
B55: VISITANOS Y DESCUBRE NUESTROS PRODUCTOS EN

Sheet REGLAS
B2: DETALLE CORTE LAMINA | G2: DETALLE CORTE SUSTRATO | P2: DETALLE CORTE MERA
B3: ALTO | C3: ANCHO | D3: TIPO | G3: ALTO | H3: ANCHO | I3: TIPO | P3: ALTO | Q3: ANCHO | R3: TIPO
B4: 40 | C4: 60 | D4: CEN 1V | E4: A1 | G4: 50 | H4: 100 | I4: CEN 1V | J4: REGLA SIEMPRE LLEVAR MEDIDA MINIMO A 100 | P4: 50 | Q4: -30 | R4: CUB C/R
B5: 40 | C5: 90 | D5: CEN 2V | E5: A2 | G5: 50 | I5: CEN 2V | J5: REGLA SIEMPRE LLEVAR MEDIDA MINIMO A 101 | P5: 50 | Q5: -30 | R5: CUB C/R
B6: 40 | C6: 100 | D6: CORNISA FRENTE ESPAÑOL 1 LADO | E6: A3 | G6: 50 | H6: 100 | I6: CORNISA FRENTE ESPAÑOL 1 LADO | P6: 50 | Q6: -30 | R6: CUB C/R 180°
B7: 40 | C7: 150 | D7: CORNISA FRENTE ESPAÑOL 2 LADO | E7: A4 | G7: 50 | I7: CORNISA FRENTE ESPAÑOL 2 LADO | P7: 50 | Q7: -30 | R7: CUB C/R FRENTE ESPAÑOL
B8: 40 | C8: 100 | D8: CORNISA 180° 1LADO | E8: A5 | G8: 50 | H8: 100 | I8: CORNISA 180° 1LADO | L8: DETALLE CORTE MERA | P8: 50 | Q8: -30 | R8: CUB C/R PUNTA 1 LADO
B9: 40 | C9: 50 | D9: CORNISA PUNTA TIBURON 1 LADO | E9: B | G9: 50 | H9: 100 | I9: CORNISA 1LADO | L9: ALTO | M9: ANCHO | N9: TIPO | P9: 50 | Q9: 0 | R9: CUB S/R FRENTE ESPAÑOL
B10: 40 | C10: 80 | D10: CORNISA PUNTA TIBURON 2 LADOS | E10: C | G10: 50 | I10: CORNISA 2 LADOS | L10: 50 | M10: -30 | N10: CUB C/R | P10: 50 | Q10: 0 | R10: CUB S/R
B11: 40 | C11: 60 | D11: CORNISA R8 1LADO | E11: D | G11: 50 | H11: 100 | I11: CORNISA PUNTA TIBURON 1 LADO | L11: 50 | M11: 0 | N11: CUB S/R y CUB MESA | P11: 50 | Q11: 0 | R11: CUB MESA 180° 2 LADOS
B12: 40 | C12: 100 | D12: CORNISA R8 2 LADOS | E12: E | G12: 50 | I12: CORNISA PUNTA TIBURON 2 LADOS | L12: 50 | M12: -2 | N12: PR | P12: 50 | Q12: 0 | R12: CUB MESA 180° 3 LADOS
B13: 40 | C13: 130 | D13: CUB C/R R6 | E13: F | G13: 50 | H13: -30 | I13: CUB C/R | P13: 50 | Q13: 0 | R13: CUB MESA 180° 4 LADOS
B14: 40 | C14: 150 | D14: CUB C/R 180° | G14: 50 | H14: -30 | I14: CUB C/R 180°
B15: 40 | C15: 150 | D15: CUB C/R FRENTE ESPAÑOL | E15: G | G15: 50 | H15: -30 | I15: CUB C/R FRENTE ESPAÑOL | P15: 50 | Q15: 0 | R15: CUB MESA 4 LADOS
B16: 40 | C16: 130 | D16: CUB C/R R2 | E16: H | G16: 50 | H16: -30 | I16: CUB C/R PUNTA TIBURON 1 LADO | P16: 50 | Q16: 0 | R16: CUB MESA FRENTE ESPAÑOL 2 LADOS
B17: 40 | C17: 150 | D17: CUB MESA 180° 2 LADOS | E17: I | G17: 50 | I17: CUB MESA 180° 2 LADOS | P17: 50 | Q17: 0 | R17: CUB MESA FRENTE ESPAÑOL 3 LADOS
B18: 140 | C18: 150 | D18: CUB MESA 180° 3 LADOS | E18: J | G18: 50 | I18: CUB MESA 180° 3 LADOS | P18: 50 | Q18: 0 | R18: CUB MESA FRENTE ESPAÑOL 4 LADOS
B19: 150 | C19: 150 | D19: CUB MESA 180° 4 LADOS | E19: K | G19: 50 | I19: CUB MESA 180° 4 LADOS | P19: 50 | Q19: 0 | R19: CUB MESA PUNTA TIBURON 2 LADOS
B20: 40 | C20: 100 | D20: CUB MESA 2L | E20: L | G20: 50 | H20: 0 | I20: CUB MESA 2L | J20: ES IGUAL A LO PEDIDO NO SE DEBE SUMAR NI RESTAR | P20: 50 | Q20: 0 | R20: CUB MESA PUNTA TIBURON 3 LADOS
B21: 100 | C21: 100 | D21: CUB MESA 3L | E21: M | G21: 50 | H21: 0 | I21: CUB MESA 3L | P21: 50 | Q21: 0 | R21: CUB MESA PUNTA TIBURON 4 LADOS
B22: 100 | C22: 100 | D22: CUB MESA 4 LADOS | E22: N | I22: CUB MESA 4 LADOS | P22: 50 | Q22: 0 | R22: CUB PUNTA TIBURON 1 LADO
B23: 40 | C23: 150 | D23: CUB MESA FRENTE ESPAÑOL 2 LADOS | E23: O | G23: 50 | I23: CUB MESA FRENTE ESPAÑOL 2 LADOS | R23: CENEFA 1 LADO
B24: 140 | C24: 150 | D24: CUB MESA FRENTE ESPAÑOL 3 LADOS | E24: P | G24: 50 | I24: CUB MESA FRENTE ESPAÑOL 3 LADOS | R24: CENEFA 2 LADOS
B25: 150 | C25: 150 | D25: CUB MESA FRENTE ESPAÑOL 4 LADOS | E25: Q | G25: 50 | I25: CUB MESA FRENTE ESPAÑOL 4 LADOS | R25: CORNISA FRENTE ESPAÑOL 1 LADO
B26: 40 | C26: 77 | D26: CUB MESA PUNTA TIBURON 2 LADOS | E26: R | G26: 50 | I26: CUB MESA PUNTA TIBURON 2 LADOS | R26: CORNISA FRENTE ESPAÑOL 2 LADO
B27: 110 | C27: 77 | D27: CUB MESA PUNTA TIBURON 3 LADOS | E27: S | G27: 50 | I27: CUB MESA PUNTA TIBURON 3 LADOS | R27: CORNISA 180° 1LADO
B28: 120 | C28: 77 | D28: CUB MESA PUNTA TIBURON 4 LADOS | E28: T | G28: 50 | I28: CUB MESA PUNTA TIBURON 4 LADOS | R28: CORNISA 1LADO
B29: 40 | C29: 50 | D29: CUB PUNTA TIBURON 1 LADO | E29: U | G29: 50 | I29: CUB PUNTA TIBURON 1 LADO | R29: CORNISA 2 LADOS
B30: 40 | C30: 60 | D30: CUB S/R | E30: V | G30: 50 | I30: CUB S/R | R30: CORNISA PUNTA TIBURON 1 LADO
B31: 40 | C31: 100 | D31: CUB S/R FRENTE ESPAÑOL | E31: W | G31: 50 | I31: CUB S/R FRENTE ESPAÑOL | R31: CORNISA PUNTA TIBURON 2 LADOS
B32: 40 | C32: 60 | D32: CUB S/R R2 | E32: X | G32: 50 | I32: CUB S/R R2 | R32: PR2
B33: 40 | C33: 90 | D33: PR12 | E33: Y | G33: 50 | H33: -2 | I33: PR12 | R33: PR6
B34: 40 | C34: 90 | D34: PR19 | G34: 50 | H34: -2 | I34: PR19
B35: 40 | C35: 90 | D35: PR2 | E35: Z | G35: 50 | H35: -2 | I35: PR2 | R35: PR8
B36: 40 | C36: 90 | D36: PR6 | G36: 50 | H36: -2 | I36: PR6 | R36: PR12
B37: 40 | C37: 90 | D37: PR8 | G37: 50 | H37: -2 | I37: PR8 | R37: PR19
B48: 40 | C48: 150

Sheet CUBIERTA
L2: NO BORRAR REGLAS!!!!! SI NO LAS SABEN USAR NO BORREN ESTO POR FAVOR!!!!!
L3: SUSTRATO | N3: LAMINADO
C4: NOTA DE VENTA : | D4: ='4637'!H8 -> 7329 | L4: ALTO | M4: ANCHO | N4: ALTO | O4: ANCHO
C5: CLIENTE : | D5: ='4637'!C10 -> CONSTRUCTORA HALTRA | L5: =LOOKUP(#REF!,REGLAS!$I$4:$I$37,REGLAS!$G$4:$G$37)+#REF! -> #REF! | M5: =LOOKUP(#REF!,REGLAS!$I$4:$I$37,REGLAS!$H$4:$H$37)+#REF! -> #REF! | N5: =LOOKUP(#REF!,REGLAS!$D$4:$D$37,REGLAS!$B$4:$B$37)+#REF! -> #REF! | O5: =LOOKUP(#REF!,REGLAS!$D$4:$D$37,REGLAS!$C$4:$C$37)+#REF! -> #REF!
C7: ='4637'!G11 -> FECHA LIMITE : | D7: ='4637'!H11 -> 45996
C8: FECHA ENTREGA:
A10: SUSTRATO
D12: ALTO | E12: ANCHO
A13: MATERIAL | B13: CANTIDAD | C13: CORTE | G13: DESCRIPCIÓN | K13: ALTO | L13: ANCHO
A14: MDF30MM | B14: =J14 -> 3 | D14: =K14+D$13 -> 1500 | E14: 810 | G14: =C68 -> E/R 2 CARAS MDF 30MM FRONTAL | J14: 3 | K14: =K43 -> 1500 | L14: =E68 -> 800
B15: =J15 -> 2 | D15: =K15+D$13 -> 1500 | E15: =L15+E$13 -> 1100 | G15: =C69 -> E/R 2 CARAS MDF 30MM FRONTAL | J15: 2 | K15: =K44 -> 1500 | L15: =E69 -> 1100
B16: =J16 -> 13 | D16: 770 | E16: 480 | G16: =C70 -> E/R 1 CARA MDF 30MM COSTADOS | J16: =J45 -> 13 | K16: =K45 -> 750 | L16: =E70 -> 460
A17: MATERIAL | B17: CANTIDAD | C17: CORTE | D17: 20 | E17: 20 | G17: DESCRIPCIÓN
A18: MDF18MM | B18: =J18 -> 1 | D18: =K18+D$17 -> 1450 | E18: =L18+E$17 -> 720 | G18: =C71 -> CUB FRENTE RECTO 2 LADOS | J18: =J46 -> 1 | K18: =K46 -> 1430 | L18: =E71 -> 700
B19: =J19 -> 1 | D19: =K19+D$17 -> 1480 | E19: =L19+E$17 -> 720 | G19: =C72 -> CUB FRENTE RECTO 2 LADOS | J19: =J47 -> 1 | K19: =K47 -> 1460 | L19: =E72 -> 700
B20: =J20 -> 2 | D20: =K20+D$17 -> 640 | E20: =L20+E$17 -> 520 | G20: =C73 -> CUB FRENTE RECTO 2 LADOS | J20: =J48 -> 2 | K20: =K48 -> 620 | L20: =E73 -> 500
B21: =J21 -> 2 | D21: =K21+D$17 -> 1300 | E21: =L21+E$17 -> 720 | G21: =C74 -> CUB FRENTE RECTO 2 LADOS | J21: =J49 -> 2 | K21: =K49 -> 1280 | L21: =E74 -> 700
B22: =J22 -> 1 | D22: =K22+D$17 -> 1330 | E22: =L22+E$17 -> 720 | G22: =C75 -> CUB FRENTE RECTO 2 LADOS | J22: =J50 -> 1 | K22: =K50 -> 1310 | L22: =E75 -> 700
B23: =J23 -> 1 | D23: =K23+D$17 -> 1880 | E23: =L23+E$17 -> 720 | G23: =C76 -> CUB FRENTE RECTO 2 LADOS | J23: =J51 -> 1 | K23: =K51 -> 1860 | L23: =E76 -> 700
B24: =J24 -> 2 | D24: =K24+D$17 -> 1600 | E24: =L24+E$17 -> 720 | G24: =C77 -> CUB FRENTE RECTO 2 LADOS | J24: =J52 -> 2 | K24: =K52 -> 1580 | L24: =E77 -> 700
B25: =J25 -> 1 | D25: =K25+D$17 -> 1690 | E25: =L25+E$17 -> 720 | G25: =C78 -> CUB FRENTE RECTO 2 LADOS | J25: =J53 -> 1 | K25: =K53 -> 1670 | L25: =E78 -> 700
B26: =J26 -> 1 | D26: =K26+D$17 -> 1450 | E26: =L26+E$17 -> 720 | G26: =C79 -> E/R 1 CARA MDF 18MM FALDON | J26: =J54 -> 1 | K26: =K54 -> 1430 | L26: =E79 -> 700
B27: =J27 -> 1 | D27: =K27+D$17 -> 1480 | E27: =L27+E$17 -> 720 | G27: =C80 -> E/R 1 CARA MDF 18MM FALDON | J27: =J55 -> 1 | K27: =K55 -> 1460 | L27: =E80 -> 700
B28: =J28 -> 2 | C28: FALDON | D28: =K28+D$17 -> 640 | E28: =L28+E$17 -> 370 | G28: =C81 -> E/R 1 CARA MDF 18MM FALDON | J28: =J56 -> 2 | K28: =K56 -> 620 | L28: =E81 -> 350
B29: =J29 -> 2 | D29: =K29+D$17 -> 1300 | E29: =L29+E$17 -> 720 | G29: =C82 -> E/R 1 CARA MDF 18MM FALDON | J29: =J57 -> 2 | K29: =K57 -> 1280 | L29: =E82 -> 700
B30: =J30 -> 1 | D30: =K30+D$17 -> 1330 | E30: =L30+E$17 -> 720 | G30: =C83 -> E/R 1 CARA MDF 18MM FALDON | J30: =J58 -> 1 | K30: =K58 -> 1310 | L30: =E83 -> 700
B31: =J31 -> 1 | D31: =K31+D$17 -> 1880 | E31: =L31+E$17 -> 720 | G31: =C84 -> E/R 1 CARA MDF 18MM FALDON | J31: =J59 -> 1 | K31: =K59 -> 1860 | L31: =E84 -> 700
B32: =J32 -> 2 | D32: =K32+D$17 -> 1600 | E32: =L32+E$17 -> 720 | G32: =C85 -> E/R 1 CARA MDF 18MM FALDON | J32: =J60 -> 2 | K32: =K60 -> 1580 | L32: =E85 -> 700
B33: =J33 -> 1 | D33: =K33+D$17 -> 1690 | E33: =L33+E$17 -> 720 | G33: =C86 -> E/R 1 CARA MDF 18MM FALDON | J33: =J61 -> 1 | K33: =K61 -> 1670 | L33: =E86 -> 700
A34: MATERIAL | B34: CANTIDAD | C34: CORTE | D34: 50 | E34: -2 | G34: DESCRIPCIÓN
A35: MELAMIL 18MM | B35: =J35 -> 9 | D35: =K35+D34 -> 600 | E35: =L35+E34 -> 396 | G35: =C87 -> PR6 | J35: =J62 -> 9 | K35: =K62 -> 550 | L35: =E87 -> 398
A39: LAMINADO
D41: ALTO | E41: ANCHO
A42: MATERIAL | B42: CANTIDAD | C42: CORTE | D42: 20 | E42: 20 | G42: DESCRIPCIÓN | K42: ALTO | L42: ANCHO
B43: =J43 -> 6 | D43: =K43+D$42 -> 1520 | E43: 810 | G43: =C68 -> E/R 2 CARAS MDF 30MM FRONTAL | J43: 6 | K43: =D68 -> 1500 | L43: =E68 -> 800 | N43: 185
B44: =J44 -> 4 | D44: =K44+D$42 -> 1520 | E44: =L44+E$42 -> 1120 | G44: =C69 -> E/R 2 CARAS MDF 30MM FRONTAL | J44: 4 | K44: =D69 -> 1500 | L44: =E69 -> 1100
B45: =J45 -> 13 | D45: 760 | E45: 480 | G45: =C70 -> E/R 1 CARA MDF 30MM COSTADOS | J45: =B70 -> 13 | K45: =D70 -> 750 | L45: =E70 -> 460
B46: =J46 -> 1 | C46: REGRUESO DE MELAMINA BLANCA | D46: =K46+D$42 -> 1450 | E46: =L46+E$42 -> 720 | G46: =C71 -> CUB FRENTE RECTO 2 LADOS | J46: =B71 -> 1 | K46: =D71 -> 1430 | L46: =E71 -> 700
B47: =J47 -> 1 | C47: REGRUESO DE MELAMINA BLANCA | D47: =K47+D$42 -> 1480 | E47: =L47+E$42 -> 720 | G47: =C72 -> CUB FRENTE RECTO 2 LADOS | J47: =B72 -> 1 | K47: =D72 -> 1460 | L47: =E72 -> 700
B48: =J48 -> 2 | C48: REGRUESO DE MELAMINA BLANCA | D48: =K48+D$42 -> 640 | E48: =L48+E$42 -> 520 | G48: =C73 -> CUB FRENTE RECTO 2 LADOS | J48: =B73 -> 2 | K48: =D73 -> 620 | L48: =E73 -> 500
B49: =J49 -> 2 | C49: REGRUESO DE MELAMINA BLANCA | D49: =K49+D$42 -> 1300 | E49: =L49+E$42 -> 720 | G49: =C74 -> CUB FRENTE RECTO 2 LADOS | J49: =B74 -> 2 | K49: =D74 -> 1280 | L49: =E74 -> 700
B50: =J50 -> 1 | C50: REGRUESO DE MELAMINA BLANCA | D50: =K50+D$42 -> 1330 | E50: =L50+E$42 -> 720 | G50: =C75 -> CUB FRENTE RECTO 2 LADOS | J50: =B75 -> 1 | K50: =D75 -> 1310 | L50: =E75 -> 700
B51: =J51 -> 1 | C51: REGRUESO DE MELAMINA BLANCA | D51: =K51+D$42 -> 1880 | E51: =L51+E$42 -> 720 | G51: =C76 -> CUB FRENTE RECTO 2 LADOS | J51: =B76 -> 1 | K51: =D76 -> 1860 | L51: =E76 -> 700
B52: =J52 -> 2 | C52: REGRUESO DE MELAMINA BLANCA | D52: =K52+D$42 -> 1600 | E52: =L52+E$42 -> 720 | G52: =C77 -> CUB FRENTE RECTO 2 LADOS | J52: =B77 -> 2 | K52: =D77 -> 1580 | L52: =E77 -> 700
B53: =J53 -> 1 | C53: REGRUESO DE MELAMINA BLANCA | D53: =K53+D$42 -> 1690 | E53: =L53+E$42 -> 720 | G53: =C78 -> CUB FRENTE RECTO 2 LADOS | J53: =B78 -> 1 | K53: =D78 -> 1670 | L53: =E78 -> 700
B54: =J54 -> 1 | D54: =K54+D$42 -> 1450 | E54: =L54+E$42 -> 720 | G54: =C79 -> E/R 1 CARA MDF 18MM FALDON | J54: =B79 -> 1 | K54: =D79 -> 1430 | L54: =E79 -> 700
B55: =J55 -> 1 | D55: =K55+D$42 -> 1480 | E55: =L55+E$42 -> 720 | G55: =C80 -> E/R 1 CARA MDF 18MM FALDON | J55: =B80 -> 1 | K55: =D80 -> 1460 | L55: =E80 -> 700
B56: =J56 -> 2 | D56: =K56+D$42 -> 640 | E56: =L56+20 -> 370 | G56: =C81 -> E/R 1 CARA MDF 18MM FALDON | J56: =B81 -> 2 | K56: =D81 -> 620 | L56: =E81 -> 350
B57: =J57 -> 2 | D57: =K57+D$42 -> 1300 | E57: =E55 -> 720 | G57: =C82 -> E/R 1 CARA MDF 18MM FALDON | J57: =B82 -> 2 | K57: =D82 -> 1280 | L57: =E82 -> 700
B58: =J58 -> 1 | D58: =K58+D$42 -> 1330 | E58: 720 | G58: =C83 -> E/R 1 CARA MDF 18MM FALDON | J58: =B83 -> 1 | K58: =D83 -> 1310 | L58: =E83 -> 700
B59: =J59 -> 1 | D59: =K59+D$42 -> 1880 | E59: =E57 -> 720 | G59: =C84 -> E/R 1 CARA MDF 18MM FALDON | J59: =B84 -> 1 | K59: =D84 -> 1860 | L59: =E84 -> 700
B60: =J60 -> 2 | D60: =K60+D$42 -> 1600 | E60: =E58 -> 720 | G60: =C85 -> E/R 1 CARA MDF 18MM FALDON | J60: =B85 -> 2 | K60: =D85 -> 1580 | L60: =E85 -> 700
B61: =J61 -> 1 | D61: =K61+D$42 -> 1690 | E61: =E59 -> 720 | G61: =C86 -> E/R 1 CARA MDF 18MM FALDON | J61: =B86 -> 1 | K61: =D86 -> 1670 | L61: =E86 -> 700
B62: =J62 -> 9 | D62: =K62+40 -> 590 | E62: =L62+90 -> 488 | G62: =C87 -> PR6 | J62: =B87 -> 9 | K62: =D87 -> 550 | L62: =E87 -> 398
B65: MEDIDAS ORIGINALES
A67: MATERIAL | B67: CANTIDAD | C67: DESCRIPCIÓN | D67: ALTO | E67: ANCHO | F67: =F107 -> CANTOS PVC | G67: COLOR
B68: ='4637'!B22 -> 3 | C68: ='4637'!C22 -> E/R 2 CARAS MDF 30MM FRONTAL | D68: ='4637'!D22 -> 1500 | E68: ='4637'!E22 -> 800 | F68: =F108 -> 2L 1A | G68: ='4637'!G22 -> SILVER LEGNO OAK 10879 SF | I68: =D68*2*B68 -> 9000 | K68: =E68*B68 -> 2400
B69: ='4637'!B23 -> 2 | C69: ='4637'!C23 -> E/R 2 CARAS MDF 30MM FRONTAL | D69: ='4637'!D23 -> 1500 | E69: ='4637'!E23 -> 1100 | F69: =F109 -> 2L 1A | G69: ='4637'!G23 -> SILVER LEGNO OAK 10879 SF | I69: =D69*2*B69 -> 6000 | K69: =E69*B69 -> 2200
B70: ='4637'!B24 -> 13 | C70: ='4637'!C24 -> E/R 1 CARA MDF 30MM COSTADOS | D70: ='4637'!D24 -> 750 | E70: ='4637'!E24 -> 460 | F70: =F110 -> 1L | G70: ='4637'!G24 -> SILVER LEGNO OAK 10879 SF | I70: =D70*B70 -> 9750
B71: ='4637'!B26 -> 1 | C71: ='4637'!C26 -> CUB FRENTE RECTO 2 LADOS | D71: ='4637'!D26 -> 1430 | E71: ='4637'!E26 -> 700 | F71: =F111 -> 2L | G71: ='4637'!G26 -> FASHION GREY 21371 SF | I71: =D71*2 -> 2860
B72: ='4637'!B27 -> 1 | C72: ='4637'!C27 -> CUB FRENTE RECTO 2 LADOS | D72: ='4637'!D27 -> 1460 | E72: ='4637'!E27 -> 700 | F72: =F112 -> 2L | G72: ='4637'!G27 -> FASHION GREY 21371 SF | I72: =D72*2 -> 2920
B73: ='4637'!B28 -> 2 | C73: ='4637'!C28 -> CUB FRENTE RECTO 2 LADOS | D73: ='4637'!D28 -> 620 | E73: ='4637'!E28 -> 500 | F73: =F113 -> 1A | G73: ='4637'!G28 -> FASHION GREY 21371 SF | K73: =E73*B73 -> 1000
B74: ='4637'!B29 -> 2 | C74: ='4637'!C29 -> CUB FRENTE RECTO 2 LADOS | D74: ='4637'!D29 -> 1280 | E74: ='4637'!E29 -> 700 | F74: =F114 -> 2L | G74: ='4637'!G29 -> FASHION GREY 21371 SF | I74: =D74*2*B74 -> 5120
B75: ='4637'!B30 -> 1 | C75: ='4637'!C30 -> CUB FRENTE RECTO 2 LADOS | D75: ='4637'!D30 -> 1310 | E75: ='4637'!E30 -> 700 | F75: =F115 -> 2L | G75: ='4637'!G30 -> FASHION GREY 21371 SF | I75: =D75*2*B75 -> 2620
B76: ='4637'!B31 -> 1 | C76: ='4637'!C31 -> CUB FRENTE RECTO 2 LADOS | D76: ='4637'!D31 -> 1860 | E76: ='4637'!E31 -> 700 | F76: =F116 -> 2L | G76: ='4637'!G31 -> FASHION GREY 21371 SF | I76: =D76*2*B76 -> 3720
B77: ='4637'!B32 -> 2 | C77: ='4637'!C32 -> CUB FRENTE RECTO 2 LADOS | D77: ='4637'!D32 -> 1580 | E77: ='4637'!E32 -> 700 | F77: =F117 -> 2L | G77: ='4637'!G32 -> FASHION GREY 21371 SF | I77: =D77*2*B77 -> 6320
B78: ='4637'!B33 -> 1 | C78: ='4637'!C33 -> CUB FRENTE RECTO 2 LADOS | D78: ='4637'!D33 -> 1670 | E78: ='4637'!E33 -> 700 | F78: =F118 -> 2L | G78: ='4637'!G33 -> FASHION GREY 21371 SF | I78: =D78*2*B78 -> 3340
B79: ='4637'!B34 -> 1 | C79: ='4637'!C34 -> E/R 1 CARA MDF 18MM FALDON | D79: ='4637'!D34 -> 1430 | E79: ='4637'!E34 -> 700 | F79: =F119 -> 0 | G79: ='4637'!G34 -> FASHION GREY 21371 SF | I79: =D79*2*B79 -> 2860
B80: ='4637'!B35 -> 1 | C80: ='4637'!C35 -> E/R 1 CARA MDF 18MM FALDON | D80: ='4637'!D35 -> 1460 | E80: ='4637'!E35 -> 700 | F80: =F120 -> 0 | G80: ='4637'!G35 -> FASHION GREY 21371 SF | I80: =D80*2*B80 -> 2920
B81: ='4637'!B36 -> 2 | C81: ='4637'!C36 -> E/R 1 CARA MDF 18MM FALDON | D81: ='4637'!D36 -> 620 | E81: ='4637'!E36 -> 350 | F81: =F121 -> 1L | G81: ='4637'!G36 -> FASHION GREY 21371 SF
B82: ='4637'!B37 -> 2 | C82: ='4637'!C37 -> E/R 1 CARA MDF 18MM FALDON | D82: ='4637'!D37 -> 1280 | E82: ='4637'!E37 -> 700 | F82: =F122 -> 0 | G82: ='4637'!G37 -> FASHION GREY 21371 SF | I82: =D82*2*B82 -> 5120
B83: ='4637'!B38 -> 1 | C83: ='4637'!C38 -> E/R 1 CARA MDF 18MM FALDON | D83: ='4637'!D38 -> 1310 | E83: ='4637'!E38 -> 700 | F83: =F123 -> 0 | G83: ='4637'!G38 -> FASHION GREY 21371 SF | I83: =D83*B83 -> 1310
B84: ='4637'!B39 -> 1 | C84: ='4637'!C39 -> E/R 1 CARA MDF 18MM FALDON | D84: ='4637'!D39 -> 1860 | E84: ='4637'!E39 -> 700 | F84: =F124 -> 0 | G84: ='4637'!G39 -> FASHION GREY 21371 SF | I84: =D84*B84 -> 1860
B85: ='4637'!B40 -> 2 | C85: ='4637'!C40 -> E/R 1 CARA MDF 18MM FALDON | D85: ='4637'!D40 -> 1580 | E85: ='4637'!E40 -> 700 | F85: =F125 -> 0 | G85: ='4637'!G40 -> FASHION GREY 21371 SF | I85: =D85*B85 -> 3160
B86: ='4637'!B41 -> 1 | C86: ='4637'!C41 -> E/R 1 CARA MDF 18MM FALDON | D86: ='4637'!D41 -> 1670 | E86: ='4637'!E41 -> 700 | F86: =F126 -> 0 | G86: ='4637'!G41 -> FASHION GREY 21371 SF | I86: =D86*B86 -> 1670
B87: ='4637'!B42 -> 9 | C87: ='4637'!C42 -> PR6 | D87: ='4637'!D42 -> 550 | E87: ='4637'!E42 -> 398 | F87: =F127 -> FRENTES | G87: ='4637'!G42 -> FASHION GREY 21371 SF
I88: =SUM(I68:I87) -> 70550 | K88: =SUM(K68:K87) -> 5600
I90: =I88+K88 -> 76150
I91: =I90*20% -> 15230
I92: =I90+I91 -> 91380
I93: =I92/1000 -> 91.38
C98: NOTA DE VENTA : | D98: ='4637'!H8 -> 7329
C99: CLIENTE : | D99: ='4637'!C10 -> CONSTRUCTORA HALTRA
C101: ='4637'!G11 -> FECHA LIMITE : | D101: ='4637'!H11 -> 45996
A104: PRODUCCIÓN
B106: DETALLE
B107: CANTIDAD | C107: CORTE | D107: ALTO | E107: ANCHO | F107: ='4637'!F21 -> CANTOS PVC | G107: DESCRIPCION
B108: ='4637'!B22 -> 3 | C108: ='4637'!C22 -> E/R 2 CARAS MDF 30MM FRONTAL | D108: ='4637'!D22 -> 1500 | E108: ='4637'!E22 -> 800 | F108: ='4637'!F22 -> 2L 1A | G108: ='4637'!G22 -> SILVER LEGNO OAK 10879 SF
B109: ='4637'!B23 -> 2 | C109: ='4637'!C23 -> E/R 2 CARAS MDF 30MM FRONTAL | D109: ='4637'!D23 -> 1500 | E109: ='4637'!E23 -> 1100 | F109: ='4637'!F23 -> 2L 1A | G109: ='4637'!G23 -> SILVER LEGNO OAK 10879 SF
B110: ='4637'!B24 -> 13 | C110: ='4637'!C24 -> E/R 1 CARA MDF 30MM COSTADOS | D110: ='4637'!D24 -> 750 | E110: ='4637'!E24 -> 460 | F110: ='4637'!F24 -> 1L | G110: ='4637'!G24 -> SILVER LEGNO OAK 10879 SF
B111: ='4637'!B26 -> 1 | C111: ='4637'!C26 -> CUB FRENTE RECTO 2 LADOS | D111: ='4637'!D26 -> 1430 | E111: ='4637'!E26 -> 700 | F111: ='4637'!F26 -> 2L | G111: ='4637'!G26 -> FASHION GREY 21371 SF
B112: ='4637'!B27 -> 1 | C112: ='4637'!C27 -> CUB FRENTE RECTO 2 LADOS | D112: ='4637'!D27 -> 1460 | E112: ='4637'!E27 -> 700 | F112: ='4637'!F27 -> 2L | G112: ='4637'!G27 -> FASHION GREY 21371 SF
B113: ='4637'!B28 -> 2 | C113: ='4637'!C28 -> CUB FRENTE RECTO 2 LADOS | D113: ='4637'!D28 -> 620 | E113: ='4637'!E28 -> 500 | F113: ='4637'!F28 -> 1A | G113: ='4637'!G28 -> FASHION GREY 21371 SF
B114: ='4637'!B29 -> 2 | C114: ='4637'!C29 -> CUB FRENTE RECTO 2 LADOS | D114: ='4637'!D29 -> 1280 | E114: ='4637'!E29 -> 700 | F114: ='4637'!F29 -> 2L | G114: ='4637'!G29 -> FASHION GREY 21371 SF
B115: ='4637'!B30 -> 1 | C115: ='4637'!C30 -> CUB FRENTE RECTO 2 LADOS | D115: ='4637'!D30 -> 1310 | E115: ='4637'!E30 -> 700 | F115: ='4637'!F30 -> 2L | G115: ='4637'!G30 -> FASHION GREY 21371 SF
B116: ='4637'!B31 -> 1 | C116: ='4637'!C31 -> CUB FRENTE RECTO 2 LADOS | D116: ='4637'!D31 -> 1860 | E116: ='4637'!E31 -> 700 | F116: ='4637'!F31 -> 2L | G116: ='4637'!G31 -> FASHION GREY 21371 SF
B117: ='4637'!B32 -> 2 | C117: ='4637'!C32 -> CUB FRENTE RECTO 2 LADOS | D117: ='4637'!D32 -> 1580 | E117: ='4637'!E32 -> 700 | F117: ='4637'!F32 -> 2L | G117: ='4637'!G32 -> FASHION GREY 21371 SF
B118: ='4637'!B33 -> 1 | C118: ='4637'!C33 -> CUB FRENTE RECTO 2 LADOS | D118: ='4637'!D33 -> 1670 | E118: ='4637'!E33 -> 700 | F118: ='4637'!F33 -> 2L | G118: ='4637'!G33 -> FASHION GREY 21371 SF
B119: ='4637'!B34 -> 1 | C119: ='4637'!C34 -> E/R 1 CARA MDF 18MM FALDON | D119: ='4637'!D34 -> 1430 | E119: ='4637'!E34 -> 700 | F119: ='4637'!F34 -> 0 | G119: ='4637'!G34 -> FASHION GREY 21371 SF
B120: ='4637'!B35 -> 1 | C120: ='4637'!C35 -> E/R 1 CARA MDF 18MM FALDON | D120: ='4637'!D35 -> 1460 | E120: ='4637'!E35 -> 700 | F120: ='4637'!F35 -> 0 | G120: ='4637'!G35 -> FASHION GREY 21371 SF
...
