Workbook

Sheet 4637
F2: MUEBLES SANTA FE SPA
F3: VENTAS POR MENOR DE MUEBLES
F4: RUT: 77.054.606-0
F5: SEPTIMA AVENIDA 1631, SAN MIGUEL
F6: FONO 22521 6502
F7: E-MAIL: ventas@topmobili.cl
B8: P R E S U P U E S T O | D8: N° 12141 | F8: NOTA DE VENTA : | G8: 7472
B10: CLIENTE: | C10: GERO MATTE | F10: FECHA : | G10: 46167
B11: RUT: | C11: 13,358,842-6 | F11: FECHA LIMITE : | G11: 46171
B12: GIRO: | F12: ORDEN DE COMPRA:
B13: CONTACTO: | F13: HECHO POR:
B14: FONO: | C14: +569 8143 5444 | F14: SERVICIO EXPRESS: | G14: NO
B15: DIRECCION: | F15: FORMA DE PAGO : | G15: O/C 30 DIAS
B16: CIUDAD: | C16: SANTIAGO | F16: VALIDEZ COTIZACIÓN: 5 DÍAS
B19: D E T A L L E
B20: UNIDAD | C20: TIPO | D20: LARGO | E20: ANCHO | F20: COLOR | G20: VALOR | H20: TOTAL
B21: 1 | C21: CUB S/R FTE ESPAÑOL | D21: 1250 | E21: 600 | F21: DUSKBERG MARBLE 40476 SF | G21: 73347 | H21: =G21*B21 -> 73347
B22: 1 | C22: CUB S/R FTE ESPAÑOL | D22: 2750 | E22: 600 | F22: DUSKBERG MARBLE 40476 SF | G22: 152685 | H22: =G22*B22 -> 152685
B23: 1 | C23: CUB S/R FTE ESPAÑOL 2 LADOS | D23: 1500 | E23: 780 | F23: DUSKBERG MARBLE 40476 SF | G23: 111641 | H23: =G23*B23 -> 111641
G26: NETO | H26: =SUM(H21:H25) -> 337673
G27: I.V.A. | H27: =H26*19% -> 64157.87
G28: TOTAL | H28: =H26+H27 -> 401830.87
B31: CUENTA VISTA DEL BANCO ESTADO N° 35571389078 A NOMBRE DE
B32: "MUEBLES SANTA FE SPA." - RUT : 77.054.606-0, VENTAS@TOPMOBILI.CL
B33: VISITANOS Y DESCUBRE NUESTROS PRODUCTOS EN | E33: WWW.TOPMOBILICHILE.CL

Sheet REGLAS
B2: DETALLE CORTE LAMINA | G2: DETALLE CORTE SUSTRATO | P2: DETALLE CORTE MERA
B3: ALTO | C3: ANCHO | D3: TIPO | G3: ALTO | H3: ANCHO | I3: TIPO | P3: ALTO | Q3: ANCHO | R3: TIPO
B4: 40 | C4: 60 | D4: CEN 1V | E4: A1 | G4: 50 | H4: 100 | I4: CEN 1V | J4: REGLA SIEMPRE LLEVAR MEDIDA MINIMO A 100 | P4: 50 | Q4: -30 | R4: CUB C/R
B5: 40 | C5: 90 | D5: CEN 2V | E5: A2 | G5: 50 | I5: CEN 2V | J5: REGLA SIEMPRE LLEVAR MEDIDA MINIMO A 101 | P5: 50 | Q5: -30 | R5: CUB C/R
B6: 40 | C6: 100 | D6: CORNISA FRENTE ESPAÑOL 1 LADO | E6: A3 | G6: 50 | H6: 100 | I6: CORNISA FRENTE ESPAÑOL 1 LADO | P6: 50 | Q6: -30 | R6: CUB C/R 180°
B7: 40 | C7: 150 | D7: CORNISA FRENTE ESPAÑOL 2 LADO | E7: A4 | G7: 50 | I7: CORNISA FRENTE ESPAÑOL 2 LADO | P7: 50 | Q7: -30 | R7: CUB C/R FRENTE ESPAÑOL
B8: 40 | C8: 100 | D8: CORNISA 180° 1LADO | E8: A5 | G8: 50 | H8: 100 | I8: CORNISA 180° 1LADO | L8: DETALLE CORTE MERA | P8: 50 | Q8: -30 | R8: CUB C/R PUNTA 1 LADO
B9: 40 | C9: 50 | D9: CORNISA PUNTA TIBURON 1 LADO | E9: B | G9: 50 | H9: 100 | I9: CORNISA 1LADO | L9: ALTO | M9: ANCHO | N9: TIPO | P9: 50 | Q9: 0 | R9: CUB S/R FRENTE ESPAÑOL
B10: 40 | C10: 80 | D10: CORNISA PUNTA TIBURON 2 LADOS | E10: C | G10: 50 | I10: CORNISA 2 LADOS | L10: 50 | M10: -30 | N10: CUB C/R | P10: 50 | Q10: 0 | R10: CUB S/R
B11: 40 | C11: 60 | D11: CORNISA R8 1LADO | E11: D | G11: 50 | H11: 100 | I11: CORNISA PUNTA TIBURON 1 LADO | L11: 50 | M11: 0 | N11: CUB S/R y CUB MESA | P11: 50 | Q11: 0 | R11: CUB MESA 180° 2 LADOS
B12: 40 | C12: 100 | D12: CORNISA R8 2 LADOS | E12: E | G12: 50 | I12: CORNISA PUNTA TIBURON 2 LADOS | L12: 50 | M12: -2 | N12: PR | P12: 50 | Q12: 0 | R12: CUB MESA 180° 3 LADOS
B13: 40 | C13: 130 | D13: CUB C/R R6 | E13: F | G13: 50 | H13: -30 | I13: CUB C/R | P13: 50 | Q13: 0 | R13: CUB MESA 180° 4 LADOS
B14: 40 | C14: 150 | D14: CUB C/R 180° | G14: 50 | H14: -30 | I14: CUB C/R 180°
B15: 40 | C15: 150 | D15: CUB C/R FRENTE ESPAÑOL | E15: G | G15: 50 | H15: -30 | I15: CUB C/R FRENTE ESPAÑOL | P15: 50 | Q15: 0 | R15: CUB MESA 4 LADOS
B16: 40 | C16: 130 | D16: CUB C/R R2 | E16: H | G16: 50 | H16: -30 | I16: CUB C/R PUNTA TIBURON 1 LADO | P16: 50 | Q16: 0 | R16: CUB MESA FRENTE ESPAÑOL 2 LADOS
B17: 40 | C17: 150 | D17: CUB MESA 180° 2 LADOS | E17: I | G17: 50 | I17: CUB MESA 180° 2 LADOS | P17: 50 | Q17: 0 | R17: CUB MESA FRENTE ESPAÑOL 3 LADOS
B18: 140 | C18: 150 | D18: CUB MESA 180° 3 LADOS | E18: J | G18: 50 | I18: CUB MESA 180° 3 LADOS | P18: 50 | Q18: 0 | R18: CUB MESA FRENTE ESPAÑOL 4 LADOS
B19: 150 | C19: 150 | D19: CUB MESA 180° 4 LADOS | E19: K | G19: 50 | I19: CUB MESA 180° 4 LADOS | P19: 50 | Q19: 0 | R19: CUB MESA PUNTA TIBURON 2 LADOS
B20: 40 | C20: 100 | D20: CUB MESA 2L | E20: L | G20: 50 | H20: 0 | I20: CUB MESA 2L | J20: ES IGUAL A LO PEDIDO NO SE DEBE SUMAR NI RESTAR | P20: 50 | Q20: 0 | R20: CUB MESA PUNTA TIBURON 3 LADOS
B21: 100 | C21: 100 | D21: CUB MESA 3L | E21: M | G21: 50 | H21: 0 | I21: CUB MESA 3L | P21: 50 | Q21: 0 | R21: CUB MESA PUNTA TIBURON 4 LADOS
B22: 100 | C22: 100 | D22: CUB MESA 4 LADOS | E22: N | I22: CUB MESA 4 LADOS | P22: 50 | Q22: 0 | R22: CUB PUNTA TIBURON 1 LADO
B23: 40 | C23: 150 | D23: CUB MESA FRENTE ESPAÑOL 2 LADOS | E23: O | G23: 50 | I23: CUB MESA FRENTE ESPAÑOL 2 LADOS | R23: CENEFA 1 LADO
B24: 140 | C24: 150 | D24: CUB MESA FRENTE ESPAÑOL 3 LADOS | E24: P | G24: 50 | I24: CUB MESA FRENTE ESPAÑOL 3 LADOS | R24: CENEFA 2 LADOS
B25: 150 | C25: 150 | D25: CUB MESA FRENTE ESPAÑOL 4 LADOS | E25: Q | G25: 50 | I25: CUB MESA FRENTE ESPAÑOL 4 LADOS | R25: CORNISA FRENTE ESPAÑOL 1 LADO
B26: 40 | C26: 77 | D26: CUB MESA PUNTA TIBURON 2 LADOS | E26: R | G26: 50 | I26: CUB MESA PUNTA TIBURON 2 LADOS | R26: CORNISA FRENTE ESPAÑOL 2 LADO
B27: 110 | C27: 77 | D27: CUB MESA PUNTA TIBURON 3 LADOS | E27: S | G27: 50 | I27: CUB MESA PUNTA TIBURON 3 LADOS | R27: CORNISA 180° 1LADO
B28: 120 | C28: 77 | D28: CUB MESA PUNTA TIBURON 4 LADOS | E28: T | G28: 50 | I28: CUB MESA PUNTA TIBURON 4 LADOS | R28: CORNISA 1LADO
B29: 40 | C29: 50 | D29: CUB PUNTA TIBURON 1 LADO | E29: U | G29: 50 | I29: CUB PUNTA TIBURON 1 LADO | R29: CORNISA 2 LADOS
B30: 40 | C30: 60 | D30: CUB S/R | E30: V | G30: 50 | I30: CUB S/R | R30: CORNISA PUNTA TIBURON 1 LADO
B31: 40 | C31: 100 | D31: CUB S/R FRENTE ESPAÑOL | E31: W | G31: 50 | I31: CUB S/R FRENTE ESPAÑOL | R31: CORNISA PUNTA TIBURON 2 LADOS
B32: 40 | C32: 60 | D32: CUB S/R R2 | E32: X | G32: 50 | I32: CUB S/R R2 | R32: PR2
B33: 40 | C33: 90 | D33: PR12 | E33: Y | G33: 50 | H33: -2 | I33: PR12 | R33: PR6
B34: 40 | C34: 90 | D34: PR19 | G34: 50 | H34: -2 | I34: PR19
B35: 40 | C35: 90 | D35: PR2 | E35: Z | G35: 50 | H35: -2 | I35: PR2 | R35: PR8
B36: 40 | C36: 90 | D36: PR6 | G36: 50 | H36: -2 | I36: PR6 | R36: PR12
B37: 40 | C37: 90 | D37: PR8 | G37: 50 | H37: -2 | I37: PR8 | R37: PR19
B48: 40 | C48: 150

Sheet CUBIERTA
K2: NO BORRAR REGLAS!!!!! SI NO LAS SABEN USAR NO BORREN ESTO POR FAVOR!!!!!
K3: SUSTRATO | M3: LAMINADO
C4: NOTA DE VENTA : | D4: ='4637'!G8 -> 7472 | K4: ALTO | L4: ANCHO | M4: ALTO | N4: ANCHO
C5: CLIENTE : | D5: ='4637'!C10 -> GERO MATTE | K5: =LOOKUP(#REF!,REGLAS!$I$4:$I$37,REGLAS!$G$4:$G$37)+#REF! -> #REF! | L5: =LOOKUP(#REF!,REGLAS!$I$4:$I$37,REGLAS!$H$4:$H$37)+#REF! -> #REF! | M5: =LOOKUP(#REF!,REGLAS!$D$4:$D$37,REGLAS!$B$4:$B$37)+#REF! -> #REF! | N5: =LOOKUP(#REF!,REGLAS!$D$4:$D$37,REGLAS!$C$4:$C$37)+#REF! -> #REF!
C7: ='4637'!F11 -> FECHA LIMITE : | D7: ='4637'!G11 -> 46171
C8: FECHA ENTREGA:
A10: SUSTRATO
D12: ALTO | E12: ANCHO
A13: MATERIAL | B13: CANTIDAD | C13: CORTE | D13: 80 | F13: DESCRIPCIÓN | J13: ALTO | K13: ANCHO
A14: MDF15MM | B14: =I14 -> 1 | D14: =J14+D$13 -> 1330 | E14: =K14+E$13 -> 600 | F14: =C30 -> CUB S/R FTE ESPAÑOL | I14: =I23 -> 1 | J14: =J23 -> 1250 | K14: =K23 -> 600
B15: =I15 -> 1 | D15: =J15+D$13 -> 2830 | E15: =K15+E$13 -> 600 | F15: =C31 -> CUB S/R FTE ESPAÑOL | I15: =I24 -> 1 | J15: =J24 -> 2750 | K15: =K24 -> 600
B16: =I16 -> 1 | D16: =J16+D$13 -> 1580 | E16: =K16+E$13 -> 780 | F16: =C32 -> CUB S/R FTE ESPAÑOL 2 LADOS | I16: =I25 -> 1 | J16: =J25 -> 1500 | K16: =K25 -> 780
A19: LAMINADO
D21: ALTO | E21: ANCHO
A22: MATERIAL | B22: CANTIDAD | C22: CORTE | D22: 40 | E22: 110 | F22: DESCRIPCIÓN | J22: ALTO | K22: ANCHO
B23: =I23 -> 1 | D23: =J23+D$22 -> 1290 | E23: =K23+$E$22 -> 710 | F23: =C30 -> CUB S/R FTE ESPAÑOL | I23: =B30 -> 1 | J23: =D30 -> 1250 | K23: =E30 -> 600
B24: =I24 -> 1 | D24: =J24+D$22 -> 2790 | E24: =K24+$E$22 -> 710 | F24: =C31 -> CUB S/R FTE ESPAÑOL | I24: =B31 -> 1 | J24: =D31 -> 2750 | K24: =E31 -> 600
B25: =I25 -> 1 | D25: =J25+D$22 -> 1540 | E25: =K25+$E$22 -> 890 | F25: =C32 -> CUB S/R FTE ESPAÑOL 2 LADOS | I25: =B32 -> 1 | J25: =D32 -> 1500 | K25: =E32 -> 780
B27: MEDIDAS ORIGINALES
A29: MATERIAL | B29: CANTIDAD | C29: DESCRIPCIÓN | D29: ALTO | E29: ANCHO | F29: COLOR
A30: MDF15MM | B30: ='4637'!B21 -> 1 | C30: ='4637'!C21 -> CUB S/R FTE ESPAÑOL | D30: ='4637'!D21 -> 1250 | E30: ='4637'!E21 -> 600 | F30: ='4637'!F21 -> DUSKBERG MARBLE 40476 SF
B31: ='4637'!B22 -> 1 | C31: ='4637'!C22 -> CUB S/R FTE ESPAÑOL | D31: ='4637'!D22 -> 2750 | E31: ='4637'!E22 -> 600 | F31: ='4637'!F22 -> DUSKBERG MARBLE 40476 SF
B32: ='4637'!B23 -> 1 | C32: ='4637'!C23 -> CUB S/R FTE ESPAÑOL 2 LADOS | D32: ='4637'!D23 -> 1500 | E32: ='4637'!E23 -> 780 | F32: ='4637'!F23 -> DUSKBERG MARBLE 40476 SF
C42: NOTA DE VENTA : | D42: ='4637'!G8 -> 7472
C43: CLIENTE : | D43: ='4637'!C10 -> GERO MATTE
C45: ='4637'!F11 -> FECHA LIMITE : | D45: ='4637'!G11 -> 46171
A48: PRODUCCIÓN
B50: DETALLE
B51: CANTIDAD | C51: CORTE | D51: ALTO | E51: ANCHO | F51: DESCRIPCION
A52: MDF30MM | B52: ='4637'!B21 -> 1 | C52: ='4637'!C21 -> CUB S/R FTE ESPAÑOL | D52: ='4637'!D21 -> 1250 | E52: ='4637'!E21 -> 600 | F52: ='4637'!F21 -> DUSKBERG MARBLE 40476 SF
B53: ='4637'!B22 -> 1 | C53: ='4637'!C22 -> CUB S/R FTE ESPAÑOL | D53: ='4637'!D22 -> 2750 | E53: ='4637'!E22 -> 600 | F53: ='4637'!F22 -> DUSKBERG MARBLE 40476 SF
B54: ='4637'!B23 -> 1 | C54: ='4637'!C23 -> CUB S/R FTE ESPAÑOL 2 LADOS | D54: ='4637'!D23 -> 1500 | E54: ='4637'!E23 -> 780 | F54: ='4637'!F23 -> DUSKBERG MARBLE 40476 SF

Sheet RESUMEN
A1: COTIZACION | B1: NOTA DE VENTA | C1: NOMBRE | D1: FECHA | E1: TOTAL
A2: ='4637'!D8 -> N° 12141 | B2: ='4637'!G8 -> 7472 | C2: ='4637'!C10 -> GERO MATTE | D2: ='4637'!G10 -> 46167 | E2: ='4637'!H28 -> 401830.87
