Workbook

Sheet 4637
F2: MUEBLES SANTA FE SPA
F3: VENTAS POR MENOR DE MUEBLES
F4: RUT: 77.054.606-0
F5: SEPTIMA AVENIDA 1631, SAN MIGUEL
F6: CELULAR: 963868755
F7: E-MAIL: fdonoso@topmobili.cl
B8: P R E S U P U E S T O | D8: ='[1]2229'!D8 -> N° 11794 | F8: NOTA DE VENTA : | G8: 7346R
B10: CLIENTE: | C10: =IF('[1]2229'!C10="","",'[1]2229'!C10) -> REPARACION Y CONSTRUCCION DE MUEBLES DAVID LOPEZ VASQUEZ | F10: FECHA : | G10: 2025
B11: RUT: | C11: =IF('[1]2229'!C11="","",'[1]2229'!C11) -> 76.703.408-3 | F11: FECHA LIMITE : | G11: URGENTE
B12: GIRO: | C12: =IF('[1]2229'!C12="","",'[1]2229'!C12) | F12: DESPACHO: | G12: ='[1]2229'!G14 -> NO
B13: CONTACTO: | C13: =IF('[1]2229'!C13="","",'[1]2229'!C13) | F13: ORDEN DE COMPRA:
B14: CORREO: | C14: =IF('[1]2229'!C14="","",'[1]2229'!C14) | F14: HECHO POR: | G14: FERNANDO DONOSO
B15: FONO: | C15: =IF('[1]2229'!C15="","",'[1]2229'!C15) -> +569 5032 1880 | F15: SERVICIO EXPRESS: | G15: SI
B16: DIRECCION: | C16: =IF('[1]2229'!C16="","",'[1]2229'!C16) | F16: FORMA DE PAGO : | G16: ='[1]2229'!G16 -> ABONO 50% SALDO C/ENTREGA
B17: CIUDAD: | C17: =IF('[1]2229'!C17="","",'[1]2229'!C17) -> SANTIAGO | F17: VALIDEZ COTIZACIÓN: 5 DÍAS
B20: D E T A L L E
B21: UNIDAD | C21: TIPO | D21: LARGO | E21: ANCHO | F21: COLOR | G21: VALOR | H21: TOTAL
B22: 2 | C22: ='[1]2229'!C21 -> PR6 | D22: 1000 | E22: 247 | F22: ='[1]2229'!F21 -> BLANCO MT | G22: ='[1]2229'!G21 -> 48338.032 | H22: =G22*B22 -> 96676.063
G24: NETO | H24: =SUM(H22:H23) -> 96676.063
G25: I.V.A. | H25: =H24*19% -> 18368.452
G26: TOTAL | H26: =H24+H25 -> 115044.52
B29: CUENTA VISTA DEL BANCO ESTADO N° 35571389078 A NOMBRE DE
B30: "MUEBLES SANTA FE SPA." - RUT : 77.054.606-0, VENTAS@TOPMOBILI.CL
B31: VISITANOS Y DESCUBRE NUESTROS PRODUCTOS EN | E31: WWW.TOPMOBILICHILE.CL

Sheet REGLAS
B2: DETALLE CORTE LAMINA | G2: DETALLE CORTE SUSTRATO | P2: DETALLE CORTE MERA
B3: ALTO | C3: ANCHO | D3: TIPO | G3: ALTO | H3: ANCHO | I3: TIPO | P3: ALTO | Q3: ANCHO | R3: TIPO
B4: 40 | C4: 60 | D4: CEN 1V | E4: A1 | G4: 50 | H4: 100 | I4: CEN 1V | J4: REGLA SIEMPRE LLEVAR MEDIDA MINIMO A 100 | P4: 50 | Q4: -30 | R4: CUB C/R
B5: 40 | C5: 90 | D5: CEN 2V | E5: A2 | G5: 50 | I5: CEN 2V | J5: REGLA SIEMPRE LLEVAR MEDIDA MINIMO A 101 | P5: 50 | Q5: -30 | R5: CUB C/R
B6: 40 | C6: 100 | D6: CORNISA FRENTE ESPAÑOL 1 LADO | E6: A3 | G6: 50 | H6: 100 | I6: CORNISA FRENTE ESPAÑOL 1 LADO | P6: 50 | Q6: -30 | R6: CUB C/R 180°
B7: 40 | C7: 150 | D7: CORNISA FRENTE ESPAÑOL 2 LADO | E7: A4 | G7: 50 | I7: CORNISA FRENTE ESPAÑOL 2 LADO | P7: 50 | Q7: -30 | R7: CUB C/R FRENTE ESPAÑOL
B8: 40 | C8: 100 | D8: CORNISA 180° 1LADO | E8: A5 | G8: 50 | H8: 100 | I8: CORNISA 180° 1LADO | L8: DETALLE CORTE MERA | P8: 50 | Q8: -30 | R8: CUB C/R PUNTA 1 LADO
B9: 40 | C9: 50 | D9: CORNISA PUNTA TIBURON 1 LADO | E9: B | G9: 50 | H9: 100 | I9: CORNISA 1LADO | L9: ALTO | M9: ANCHO | N9: TIPO | P9: 50 | Q9: 0 | R9: CUB S/R FRENTE ESPAÑOL
B10: 40 | C10: 80 | D10: CORNISA PUNTA TIBURON 2 LADOS | E10: C | G10: 50 | I10: CORNISA 2 LADOS | L10: 50 | M10: -30 | N10: CUB C/R | P10: 50 | Q10: 0 | R10: CUB S/R
B11: 40 | C11: 60 | D11: CORNISA R8 1LADO | E11: D | G11: 50 | H11: 100 | I11: CORNISA PUNTA TIBURON 1 LADO | L11: 50 | M11: 0 | N11: CUB S/R y CUB MESA | P11: 50 | Q11: 0 | R11: CUB MESA 180° 2 LADOS
B12: 40 | C12: 100 | D12: CORNISA R8 2 LADOS | E12: E | G12: 50 | I12: CORNISA PUNTA TIBURON 2 LADOS | L12: 50 | M12: -2 | N12: PR | P12: 50 | Q12: 0 | R12: CUB MESA 180° 3 LADOS
B13: 40 | C13: 130 | D13: CUB C/R R6 | E13: F | G13: 50 | H13: -30 | I13: CUB C/R | P13: 50 | Q13: 0 | R13: CUB MESA 180° 4 LADOS
B14: 40 | C14: 150 | D14: CUB C/R 180° | G14: 50 | H14: -30 | I14: CUB C/R 180°
B15: 40 | C15: 150 | D15: CUB C/R FRENTE ESPAÑOL | E15: G | G15: 50 | H15: -30 | I15: CUB C/R FRENTE ESPAÑOL | P15: 50 | Q15: 0 | R15: CUB MESA 4 LADOS
B16: 40 | C16: 130 | D16: CUB C/R R2 | E16: H | G16: 50 | H16: -30 | I16: CUB C/R PUNTA TIBURON 1 LADO | P16: 50 | Q16: 0 | R16: CUB MESA FRENTE ESPAÑOL 2 LADOS
B17: 40 | C17: 150 | D17: CUB MESA 180° 2 LADOS | E17: I | G17: 50 | I17: CUB MESA 180° 2 LADOS | P17: 50 | Q17: 0 | R17: CUB MESA FRENTE ESPAÑOL 3 LADOS
B18: 140 | C18: 150 | D18: CUB MESA 180° 3 LADOS | E18: J | G18: 50 | I18: CUB MESA 180° 3 LADOS | P18: 50 | Q18: 0 | R18: CUB MESA FRENTE ESPAÑOL 4 LADOS
B19: 150 | C19: 150 | D19: CUB MESA 180° 4 LADOS | E19: K | G19: 50 | I19: CUB MESA 180° 4 LADOS | P19: 50 | Q19: 0 | R19: CUB MESA PUNTA TIBURON 2 LADOS
B20: 40 | C20: 100 | D20: CUB MESA 2L | E20: L | G20: 50 | H20: 0 | I20: CUB MESA 2L | J20: ES IGUAL A LO PEDIDO NO SE DEBE SUMAR NI RESTAR | P20: 50 | Q20: 0 | R20: CUB MESA PUNTA TIBURON 3 LADOS
B21: 100 | C21: 100 | D21: CUB MESA 3L | E21: M | G21: 50 | H21: 0 | I21: CUB MESA 3L | P21: 50 | Q21: 0 | R21: CUB MESA PUNTA TIBURON 4 LADOS
B22: 100 | C22: 100 | D22: CUB MESA 4 LADOS | E22: N | I22: CUB MESA 4 LADOS | P22: 50 | Q22: 0 | R22: CUB PUNTA TIBURON 1 LADO
B23: 40 | C23: 150 | D23: CUB MESA FRENTE ESPAÑOL 2 LADOS | E23: O | G23: 50 | I23: CUB MESA FRENTE ESPAÑOL 2 LADOS | R23: CENEFA 1 LADO
B24: 140 | C24: 150 | D24: CUB MESA FRENTE ESPAÑOL 3 LADOS | E24: P | G24: 50 | I24: CUB MESA FRENTE ESPAÑOL 3 LADOS | R24: CENEFA 2 LADOS
B25: 150 | C25: 150 | D25: CUB MESA FRENTE ESPAÑOL 4 LADOS | E25: Q | G25: 50 | I25: CUB MESA FRENTE ESPAÑOL 4 LADOS | R25: CORNISA FRENTE ESPAÑOL 1 LADO
B26: 40 | C26: 77 | D26: CUB MESA PUNTA TIBURON 2 LADOS | E26: R | G26: 50 | I26: CUB MESA PUNTA TIBURON 2 LADOS | R26: CORNISA FRENTE ESPAÑOL 2 LADO
B27: 110 | C27: 77 | D27: CUB MESA PUNTA TIBURON 3 LADOS | E27: S | G27: 50 | I27: CUB MESA PUNTA TIBURON 3 LADOS | R27: CORNISA 180° 1LADO
B28: 120 | C28: 77 | D28: CUB MESA PUNTA TIBURON 4 LADOS | E28: T | G28: 50 | I28: CUB MESA PUNTA TIBURON 4 LADOS | R28: CORNISA 1LADO
B29: 40 | C29: 50 | D29: CUB PUNTA TIBURON 1 LADO | E29: U | G29: 50 | I29: CUB PUNTA TIBURON 1 LADO | R29: CORNISA 2 LADOS
B30: 40 | C30: 60 | D30: CUB S/R | E30: V | G30: 50 | I30: CUB S/R | R30: CORNISA PUNTA TIBURON 1 LADO
B31: 40 | C31: 100 | D31: CUB S/R FRENTE ESPAÑOL | E31: W | G31: 50 | I31: CUB S/R FRENTE ESPAÑOL | R31: CORNISA PUNTA TIBURON 2 LADOS
B32: 40 | C32: 60 | D32: CUB S/R R2 | E32: X | G32: 50 | I32: CUB S/R R2 | R32: PR2
B33: 40 | C33: 90 | D33: PR12 | E33: Y | G33: 50 | H33: -2 | I33: PR12 | R33: PR6
B34: 40 | C34: 90 | D34: PR19 | G34: 50 | H34: -2 | I34: PR19
B35: 40 | C35: 90 | D35: PR2 | E35: Z | G35: 50 | H35: -2 | I35: PR2 | R35: PR8
B36: 40 | C36: 90 | D36: PR6 | G36: 50 | H36: -2 | I36: PR6 | R36: PR12
B37: 40 | C37: 90 | D37: PR8 | G37: 50 | H37: -2 | I37: PR8 | R37: PR19
B48: 40 | C48: 150

Sheet CUBIERTA
K2: NO BORRAR REGLAS!!!!! SI NO LAS SABEN USAR NO BORREN ESTO POR FAVOR!!!!!
K3: SUSTRATO | M3: LAMINADO
C4: NOTA DE VENTA : | D4: ='4637'!G8 -> 7346R | K4: ALTO | L4: ANCHO | M4: ALTO | N4: ANCHO
C5: CLIENTE : | D5: ='[1]NOTA DE VENTA'!$C$10 -> REPARACION Y CONSTRUCCION DE MUEBLES DAVID LOPEZ VASQUEZ | K5: =LOOKUP(F14,[1]REGLAS!$I$4:$I$37,[1]REGLAS!$G$4:$G$37)+J14 -> 1050 | L5: =LOOKUP(F14,[1]REGLAS!$I$4:$I$37,[1]REGLAS!$H$4:$H$37)+K14 -> 245 | M5: =LOOKUP(F14,[1]REGLAS!$D$4:$D$37,[1]REGLAS!$B$4:$B$37)+J21 -> 1040 | N5: =H10 -> 0
C7: ='[1]NOTA DE VENTA'!$F$10 -> FECHA : | D7: ='[1]NOTA DE VENTA'!$G$10 -> 46000
C8: FECHA ENTREGA: | D8: ='[1]NOTA DE VENTA'!$G$11 -> 46007
A10: SUSTRATO
D12: ALTO | E12: ANCHO
A13: MATERIAL | B13: CANTIDAD | C13: CORTE | D13: 50 | E13: -2 | F13: DESCRIPCIÓN | J13: ALTO | K13: ANCHO
A14: MELAMIL 18MM | B14: =I14 -> 2 | D14: =LOOKUP(F14,[1]REGLAS!$I$4:$I$37,[1]REGLAS!$G$4:$G$37)+J14 -> 1050 | E14: =LOOKUP(F14,[1]REGLAS!$I$4:$I$37,[1]REGLAS!$H$4:$H$37)+K14 -> 245 | F14: =C27 -> PR6 | I14: =I21 -> 2 | J14: =D27 -> 1000 | K14: =E27 -> 247
A17: LAMINADO
D19: ALTO | E19: ANCHO
A20: MATERIAL | B20: CANTIDAD | C20: CORTE | D20: 40 | E20: 90 | F20: DESCRIPCIÓN | J20: ALTO | K20: ANCHO
B21: =I21 -> 2 | D21: =LOOKUP(F14,[1]REGLAS!$D$4:$D$37,[1]REGLAS!$B$4:$B$37)+J21 -> 1040 | E21: =LOOKUP(F14,[1]REGLAS!$D$4:$D$37,[1]REGLAS!$C$4:$C$37)+K21 -> 337 | F21: =C27 -> PR6 | I21: =B27 -> 2 | J21: =D27 -> 1000 | K21: =E27 -> 247
B24: MEDIDAS ORIGINALES
A26: MATERIAL | B26: CANTIDAD | C26: DESCRIPCIÓN | D26: ALTO | E26: ANCHO | F26: COLOR
A27: MELAMIL 18MM | B27: =B48 -> 2 | C27: =C48 -> PR6 | D27: =D48 -> 1000 | E27: =E48 -> 247 | F27: =F48 -> BLANCO MT
C38: NOTA DE VENTA : | D38: ='4637'!G8 -> 7346R
C39: CLIENTE : | D39: ='4637'!C10 -> REPARACION Y CONSTRUCCION DE MUEBLES DAVID LOPEZ VASQUEZ
C41: ='[2]4637'!F11 -> FECHA LIMITE : | D41: ='4637'!G11 -> URGENTE
A44: PRODUCCIÓN
B46: DETALLE
B47: CANTIDAD | C47: CORTE | D47: ALTO | E47: ANCHO | F47: DESCRIPCION
A48: MELAMIL 18MM | B48: ='4637'!$B$22 -> 2 | C48: ='[1]NOTA DE VENTA'!C22 -> PR6 | D48: ='4637'!$D$22 -> 1000 | E48: ='4637'!$E$22 -> 247 | F48: ='[1]NOTA DE VENTA'!F22 -> BLANCO MT
