Workbook

Sheet 4637
F2: MUEBLES SANTA FE SPA
F3: VENTAS POR MENOR DE MUEBLES
F4: RUT: 77.054.606-0
F5: SEPTIMA AVENIDA 1631, SAN MIGUEL
F6: FONO 22521 6502
F7: E-MAIL: ventas@topmobili.cl
B8: P R E S U P U E S T O | D8: N° 10951 | F8: NOTA DE VENTA : | G8: 4072
B10: CLIENTE: | C10: JAIME TOLOZA | F10: FECHA : | G10: 45425
B11: RUT: | F11: FECHA LIMITE : | G11: 45429
B12: GIRO: | F12: ORDEN DE COMPRA:
B13: CONTACTO: | F13: HECHO POR: | G13: FD
B14: CORREO: | F14: OBRA:
B15: FONO: | C15: 5699989 7164 | F15: FORMA DE PAGO : | G15: CONTADO
B16: DIRECCION: | F16: VALIDEZ COTIZACIÓN: 5 DÍAS
B17: CIUDAD: | C17: SANTIAGO
B19: D E T A L L E
B20: UNIDAD | C20: TIPO | D20: LARGO | E20: ANCHO | F20: COLOR | G20: VALOR | H20: TOTAL | N20: 14000
B21: 1 | C21: CUB CON RESPALDO FRENTE 90° R8 | D21: 1535 | E21: 520 | F21: GREY SLATE 4142-60 | H21: =G21*B21 -> 0 | K21: =D21/1000 -> 1.535 | L21: =E21/1000 -> 0.52 | M21: =K21*L21 -> 0.7982 | N21: =M21*N$20 -> 11174.8
B22: 1 | C22: CUB CON RESPALDO FRENTE 90° R8 | D22: 2080 | E22: 520 | F22: GREY SLATE 4142-60 | H22: =G22*B22 -> 0
B23: 1 | C23: CENEFA R8 1V | D23: 2200 | E23: 100 | F23: GREY SLATE 4142-60 | H23: =G23*B23 -> 0
B24: 1 | C24: CENEFA R8 1V | D24: 1500 | E24: 100 | F24: GREY SLATE 4142-60 | H24: =G24*B24 -> 0
G28: NETO | H28: 250000
G29: I.V.A.
G30: TOTAL | H30: =H28+H29 -> 250000
B33: CUENTA CORRIENTE DEL BANCO SANTANDER N° 897316181 A NOMBRE DE | G33: SE USÓ ALTERNATIVA DE MERINO
B34: "MUEBLES SANTA FE SPA." - RUT : 77.054.606-0, VENTAS@TOPMOBILI.CL
B35: VISITANOS Y DESCUBRE NUESTROS PRODUCTOS EN | E35: WWW.TOPMOBILICHILE.CL
B37: FIRMA CONFORME
B39: VENDEDOR

Sheet REGLAS
B2: DETALLE CORTE LAMINA | G2: DETALLE CORTE SUSTRATO | P2: DETALLE CORTE MERA
B3: ALTO | C3: ANCHO | D3: TIPO | G3: ALTO | H3: ANCHO | I3: TIPO | P3: ALTO | Q3: ANCHO | R3: TIPO
B4: 40 | C4: 60 | D4: CEN 1V | E4: A1 | G4: 50 | H4: 100 | I4: CEN 1V | J4: REGLA SIEMPRE LLEVAR MEDIDA MINIMO A 100 | P4: 50 | Q4: -30 | R4: CUB C/R
B5: 40 | C5: 90 | D5: CEN 2V | E5: A2 | G5: 50 | I5: CEN 2V | J5: REGLA SIEMPRE LLEVAR MEDIDA MINIMO A 101 | P5: 50 | Q5: -30 | R5: CUB C/R
B6: 40 | C6: 100 | D6: CORNISA FRENTE ESPAÑOL 1 LADO | E6: A3 | G6: 50 | H6: 100 | I6: CORNISA FRENTE ESPAÑOL 1 LADO | P6: 50 | Q6: -30 | R6: CUB C/R 180°
B7: 40 | C7: 150 | D7: CORNISA FRENTE ESPAÑOL 2 LADO | E7: A4 | G7: 50 | I7: CORNISA FRENTE ESPAÑOL 2 LADO | P7: 50 | Q7: -30 | R7: CUB C/R FRENTE ESPAÑOL
B8: 40 | C8: 100 | D8: CORNISA 180° 1LADO | E8: A5 | G8: 50 | H8: 100 | I8: CORNISA 180° 1LADO | L8: DETALLE CORTE MERA | P8: 50 | Q8: -30 | R8: CUB C/R PUNTA 1 LADO
B9: 40 | C9: 50 | D9: CORNISA PUNTA TIBURON 1 LADO | E9: B | G9: 50 | H9: 100 | I9: CORNISA 1LADO | L9: ALTO | M9: ANCHO | N9: TIPO | P9: 50 | Q9: 0 | R9: CUB S/R FRENTE ESPAÑOL
B10: 40 | C10: 80 | D10: CORNISA PUNTA TIBURON 2 LADOS | E10: C | G10: 50 | I10: CORNISA 2 LADOS | L10: 50 | M10: -30 | N10: CUB C/R | P10: 50 | Q10: 0 | R10: CUB S/R
B11: 40 | C11: 60 | D11: CORNISA R8 1LADO | E11: D | G11: 50 | H11: 100 | I11: CORNISA PUNTA TIBURON 1 LADO | L11: 50 | M11: 0 | N11: CUB S/R y CUB MESA | P11: 50 | Q11: 0 | R11: CUB MESA 180° 2 LADOS
B12: 40 | C12: 100 | D12: CORNISA R8 2 LADOS | E12: E | G12: 50 | I12: CORNISA PUNTA TIBURON 2 LADOS | L12: 50 | M12: -2 | N12: PR | P12: 50 | Q12: 0 | R12: CUB MESA 180° 3 LADOS
B13: 40 | C13: 130 | D13: CUB C/R R6 | E13: F | G13: 50 | H13: -30 | I13: CUB C/R | P13: 50 | Q13: 0 | R13: CUB MESA 180° 4 LADOS
B14: 40 | C14: 150 | D14: CUB C/R 180° | G14: 50 | H14: -30 | I14: CUB C/R 180°
B15: 40 | C15: 150 | D15: CUB C/R FRENTE ESPAÑOL | E15: G | G15: 50 | H15: -30 | I15: CUB C/R FRENTE ESPAÑOL | P15: 50 | Q15: 0 | R15: CUB MESA 4 LADOS
B16: 40 | C16: 130 | D16: CUB C/R R2 | E16: H | G16: 50 | H16: -30 | I16: CUB C/R PUNTA TIBURON 1 LADO | P16: 50 | Q16: 0 | R16: CUB MESA FRENTE ESPAÑOL 2 LADOS
B17: 40 | C17: 150 | D17: CUB MESA 180° 2 LADOS | E17: I | G17: 50 | I17: CUB MESA 180° 2 LADOS | P17: 50 | Q17: 0 | R17: CUB MESA FRENTE ESPAÑOL 3 LADOS
B18: 140 | C18: 150 | D18: CUB MESA 180° 3 LADOS | E18: J | G18: 50 | I18: CUB MESA 180° 3 LADOS | P18: 50 | Q18: 0 | R18: CUB MESA FRENTE ESPAÑOL 4 LADOS
B19: 150 | C19: 150 | D19: CUB MESA 180° 4 LADOS | E19: K | G19: 50 | I19: CUB MESA 180° 4 LADOS | P19: 50 | Q19: 0 | R19: CUB MESA PUNTA TIBURON 2 LADOS
B20: 40 | C20: 100 | D20: CUB MESA 2L | E20: L | G20: 50 | H20: 0 | I20: CUB MESA 2L | J20: ES IGUAL A LO PEDIDO NO SE DEBE SUMAR NI RESTAR | P20: 50 | Q20: 0 | R20: CUB MESA PUNTA TIBURON 3 LADOS
B21: 100 | C21: 100 | D21: CUB MESA 3L | E21: M | G21: 50 | H21: 0 | I21: CUB MESA 3L | P21: 50 | Q21: 0 | R21: CUB MESA PUNTA TIBURON 4 LADOS
B22: 100 | C22: 100 | D22: CUB MESA 4 LADOS | E22: N | I22: CUB MESA 4 LADOS | P22: 50 | Q22: 0 | R22: CUB PUNTA TIBURON 1 LADO
B23: 40 | C23: 150 | D23: CUB MESA FRENTE ESPAÑOL 2 LADOS | E23: O | G23: 50 | I23: CUB MESA FRENTE ESPAÑOL 2 LADOS | R23: CENEFA 1 LADO
B24: 140 | C24: 150 | D24: CUB MESA FRENTE ESPAÑOL 3 LADOS | E24: P | G24: 50 | I24: CUB MESA FRENTE ESPAÑOL 3 LADOS | R24: CENEFA 2 LADOS
B25: 150 | C25: 150 | D25: CUB MESA FRENTE ESPAÑOL 4 LADOS | E25: Q | G25: 50 | I25: CUB MESA FRENTE ESPAÑOL 4 LADOS | R25: CORNISA FRENTE ESPAÑOL 1 LADO
B26: 40 | C26: 77 | D26: CUB MESA PUNTA TIBURON 2 LADOS | E26: R | G26: 50 | I26: CUB MESA PUNTA TIBURON 2 LADOS | R26: CORNISA FRENTE ESPAÑOL 2 LADO
B27: 110 | C27: 77 | D27: CUB MESA PUNTA TIBURON 3 LADOS | E27: S | G27: 50 | I27: CUB MESA PUNTA TIBURON 3 LADOS | R27: CORNISA 180° 1LADO
B28: 120 | C28: 77 | D28: CUB MESA PUNTA TIBURON 4 LADOS | E28: T | G28: 50 | I28: CUB MESA PUNTA TIBURON 4 LADOS | R28: CORNISA 1LADO
B29: 40 | C29: 50 | D29: CUB PUNTA TIBURON 1 LADO | E29: U | G29: 50 | I29: CUB PUNTA TIBURON 1 LADO | R29: CORNISA 2 LADOS
B30: 40 | C30: 60 | D30: CUB S/R | E30: V | G30: 50 | I30: CUB S/R | R30: CORNISA PUNTA TIBURON 1 LADO
B31: 40 | C31: 100 | D31: CUB S/R FRENTE ESPAÑOL | E31: W | G31: 50 | I31: CUB S/R FRENTE ESPAÑOL | R31: CORNISA PUNTA TIBURON 2 LADOS
B32: 40 | C32: 60 | D32: CUB S/R R2 | E32: X | G32: 50 | I32: CUB S/R R2 | R32: PR2
B33: 40 | C33: 90 | D33: PR12 | E33: Y | G33: 50 | H33: -2 | I33: PR12 | R33: PR6
B34: 40 | C34: 90 | D34: PR19 | G34: 50 | H34: -2 | I34: PR19
B35: 40 | C35: 90 | D35: PR2 | E35: Z | G35: 50 | H35: -2 | I35: PR2 | R35: PR8
B36: 40 | C36: 90 | D36: PR6 | G36: 50 | H36: -2 | I36: PR6 | R36: PR12
B37: 40 | C37: 90 | D37: PR8 | G37: 50 | H37: -2 | I37: PR8 | R37: PR19
B48: 40 | C48: 150

Sheet CUBIERTA
K2: NO BORRAR REGLAS!!!!! SI NO LAS SABEN USAR NO BORREN ESTO POR FAVOR!!!!!
K3: SUSTRATO | M3: LAMINADO
C4: NOTA DE VENTA : | D4: ='4637'!G8 -> 4072 | K4: ALTO | L4: ANCHO | M4: ALTO | N4: ANCHO
C5: CLIENTE : | D5: ='4637'!C10 -> JAIME TOLOZA | K5: =LOOKUP(#REF!,REGLAS!$I$4:$I$37,REGLAS!$G$4:$G$37)+#REF! -> #REF! | L5: =LOOKUP(#REF!,REGLAS!$I$4:$I$37,REGLAS!$H$4:$H$37)+#REF! -> #REF! | M5: =LOOKUP(#REF!,REGLAS!$D$4:$D$37,REGLAS!$B$4:$B$37)+#REF! -> #REF! | N5: =LOOKUP(#REF!,REGLAS!$D$4:$D$37,REGLAS!$C$4:$C$37)+#REF! -> #REF!
C7: ='4637'!F11 -> FECHA LIMITE : | F7: HECHO POR: FD
C8: FECHA ENTREGA:
A10: SUSTRATO
D12: ALTO | E12: ANCHO
A13: MATERIAL | B13: CANTIDAD | C13: CORTE | D13: 50 | E13: -30 | F13: DESCRIPCIÓN | J13: ALTO | K13: ANCHO
A14: MDF 18MM | B14: =I14 -> 1 | D14: =J14+D$13 -> 1585 | E14: =K14+E$13 -> 490 | F14: =C34 -> CUB CON RESPALDO FRENTE 90° R8 | I14: =B34 -> 1 | J14: =D34 -> 1535 | K14: =E34 -> 520
B15: =I15 -> 1 | D15: =J15+D$13 -> 2130 | E15: =K15+E$13 -> 490 | F15: =C35 -> CUB CON RESPALDO FRENTE 90° R8 | I15: =B35 -> 1 | J15: =D35 -> 2080 | K15: =E35 -> 520
A16: MATERIAL | B16: CANTIDAD | C16: CORTE | D16: 50 | F16: DESCRIPCIÓN | J16: ALTO | K16: ANCHO
A17: MELAMIL 18MM | B17: =I17 -> 1 | D17: =J17+D16 -> 2250 | E17: =K17 -> 100 | F17: CENEFA R8 1V | I17: =I27 -> 1 | J17: =J27 -> 2200 | K17: =K27 -> 100
B18: =I18 -> 1 | D18: =J18+D16 -> 1550 | E18: =K18 -> 100 | F18: CENEFA R8 1V | I18: =I28 -> 1 | J18: =J28 -> 1500 | K18: =K28 -> 100
A21: LAMINADO
D23: ALTO | E23: ANCHO
A24: MATERIAL | B24: CANTIDAD | C24: CORTE | D24: 40 | E24: 130 | F24: DESCRIPCIÓN | J24: ALTO | K24: ANCHO
B25: =I25 -> 1 | D25: =J25+D$24 -> 1575 | E25: =K25+E$24 -> 650 | F25: =C34 -> CUB CON RESPALDO FRENTE 90° R8 | I25: =B34 -> 1 | J25: =D34 -> 1535 | K25: =E34 -> 520
B26: =I26 -> 1 | D26: =J26+D$24 -> 2120 | E26: =K26+E$24 -> 650 | F26: =C35 -> CUB CON RESPALDO FRENTE 90° R8 | I26: =B35 -> 1 | J26: =D35 -> 2080 | K26: =E35 -> 520
B27: =I27 -> 1 | D27: =J27+D$24 -> 2240 | E27: =K27+60 -> 160 | F27: =C36 -> CENEFA R8 1V | I27: =B36 -> 1 | J27: =D36 -> 2200 | K27: =E36 -> 100
B28: =I28 -> 1 | D28: =J28+D$24 -> 1540 | E28: =K28+60 -> 160 | F28: =C37 -> CENEFA R8 1V | I28: =B37 -> 1 | J28: =D37 -> 1500 | K28: =E37 -> 100
A33: MATERIAL | B33: CANTIDAD | C33: DESCRIPCIÓN | D33: ALTO | E33: ANCHO | F33: COLOR
A34: MDF18MM | B34: ='4637'!B21 -> 1 | C34: ='4637'!C21 -> CUB CON RESPALDO FRENTE 90° R8 | D34: ='4637'!D21 -> 1535 | E34: ='4637'!E21 -> 520 | F34: ='4637'!F21 -> GREY SLATE 4142-60 | H34: =D34*E34/1000000 -> 0.7982 | I34: =H34*B34 -> 0.7982
B35: ='4637'!B22 -> 1 | C35: ='4637'!C22 -> CUB CON RESPALDO FRENTE 90° R8 | D35: ='4637'!D22 -> 2080 | E35: ='4637'!E22 -> 520 | F35: ='4637'!F22 -> GREY SLATE 4142-60
A36: MELAMIL 18MM | B36: ='4637'!B23 -> 1 | C36: ='4637'!C23 -> CENEFA R8 1V | D36: ='4637'!D23 -> 2200 | E36: ='4637'!E23 -> 100 | F36: ='4637'!F23 -> GREY SLATE 4142-60
B37: ='4637'!B24 -> 1 | C37: ='4637'!C24 -> CENEFA R8 1V | D37: ='4637'!D24 -> 1500 | E37: ='4637'!E24 -> 100 | F37: ='4637'!F24 -> GREY SLATE 4142-60
I40: =SUM(I34:I34)*2 -> 1.5964
C49: NOTA DE VENTA : | D49: ='4637'!G8 -> 4072
C50: CLIENTE : | D50: ='4637'!C10 -> JAIME TOLOZA
C52: ='4637'!F11 -> FECHA LIMITE :
E53: HECHO: | F53: F.D.
E54: {='4637'!B17:C17} -> CIUDAD: | F54: SANTIAGO
A56: PRODUCCIÓN
B58: DETALLE | H58: MT2
B59: CANTIDAD | C59: CORTE | D59: ALTO | E59: ANCHO | F59: DESCRIPCION | J59: 14000
A60: MDF 18MM | B60: ='4637'!B21 -> 1 | C60: ='4637'!C21 -> CUB CON RESPALDO FRENTE 90° R8 | D60: ='4637'!D21 -> 1535 | E60: ='4637'!E21 -> 520 | F60: ='4637'!F21 -> GREY SLATE 4142-60 | H60: =D60*E60/1000000 -> 0.7982 | I60: =H60*B60 -> 0.7982 | J60: =I60*J$59 -> 11174.8 | L60: 12096
B61: ='4637'!B22 -> 1 | C61: ='4637'!C22 -> CUB CON RESPALDO FRENTE 90° R8 | D61: ='4637'!D22 -> 2080 | E61: ='4637'!E22 -> 520 | F61: ='4637'!F22 -> GREY SLATE 4142-60
A62: MELAMIL 18MM | B62: ='4637'!B23 -> 1 | C62: ='4637'!C23 -> CENEFA R8 1V | D62: ='4637'!D23 -> 2200 | E62: ='4637'!E23 -> 100 | F62: ='4637'!F23 -> GREY SLATE 4142-60
B63: ='4637'!B24 -> 1 | C63: ='4637'!C24 -> CENEFA R8 1V | D63: ='4637'!D24 -> 1500 | E63: ='4637'!E24 -> 100 | F63: ='4637'!F24 -> GREY SLATE 4142-60
I66: =SUM(I60:I60) -> 0.7982 | J66: =SUM(J60:J60) -> 11174.8
