Workbook

Sheet 5770
F2: MUEBLES SANTA FE SPA
F3: VENTAS POR MENOR DE MUEBLES
F4: RUT: 77.054.606-0
F5: SEPTIMA AVENIDA 1631, SAN MIGUEL
F6: FONO 22521 6502
F7: E-MAIL: ventas@mueblesantafe.cl
B8: P R E S U P U E S T O | D8: N°4601 | F8: NOTA DE VENTA : | G8: 7026
B10: CLIENTE: | C10: GAD INVERSIONES Y NEGOCIOS SPA | F10: FECHA : | G10: 45308
B11: RUT: | C11: 76.479.332-3 | F11: FECHA ENTREGA : | G11: 45310
B12: CONTACTO: | C12: DANIELA HERRERA | F12: ORDEN DE COMPRA
B13: FONO: | C13: +569 3447 9380 | F13: DESPACHO: | G13: NO
B14: DIRECCION: | C14: LUIS THAYER OJEDA 1415 D/502 PROVI | F14: FORMA DE PAGO : CONTADO
B15: CIUDAD: | C15: SANTIAGO | F15: VALIDEZ COTIZACIÓN: 5 DÍAS
B18: D E T A L L E
B19: UNIDAD | C19: TIPO | D19: LARGO | E19: ANCHO | F19: COLOR | G19: VALOR | H19: TOTAL
B20: 2 | C20: CUB C/R 180° | D20: 3000 | E20: 700 | F20: BLANCO OPACO MERINO 22191 | G20: 121892 | H20: =G20*B20 -> 243784
G23: NETO | H23: =SUM(H20:H22) -> 243784
G24: I.V.A. | H24: =H23*19% -> 46318.96
G25: TOTAL | H25: =H23+H24 -> 290102.96
B27: CUENTA VISTA DEL BANCO ESTADO N° 35571043040 A NOMBRE DE
B28: "TOPMOBILI LTDA." - RUT : 76.685.535-0, VENTAS@TOPMOBILI.CL
B29: VISITANOS Y DESCUBRE NUESTROS PRODUCTOS EN | E29: WWW.TOPMOBILICHILE.CL

Sheet CUBIERTA
C4: NOTA DE VENTA : | E4: ='5770'!G8 -> 7026
C5: CLIENTE : | D5: ='5770'!C10 -> GAD INVERSIONES Y NEGOCIOS SPA
C7: ='[1]4637'!F11 -> FECHA ENTREGA : | E7: ='5770'!G11 -> 45310
A10: SUSTRATO
D12: ALTO | E12: ANCHO
A13: MATERIAL | B13: CANTIDAD | C13: CORTE | D13: 50 | E13: -30 | F13: DESCRIPCIÓN | J13: ALTO | K13: ANCHO
A14: MDF18MM | B14: =I14 -> 2 | D14: =J14+D$13 -> 3050 | E14: =K14+E$13 -> 670 | F14: =C27 -> CUB C/R 180° | I14: =I21 -> 2 | J14: =J21 -> 3000 | K14: =K21 -> 700 | M14: 1.35 | N14: 0.4 | O14: 0.02 | P14: =M14*N14*O14 -> 0.0108 | Q14: =P14*I14 -> 0.0216
Q15: =SUM(Q14:Q14) -> 0.0216
A17: LAMINADO
D19: ALTO | E19: ANCHO
A20: MATERIAL | B20: CANTIDAD | C20: CORTE | D20: 40 | E20: 180 | F20: DESCRIPCIÓN | J20: ALTO | K20: ANCHO
A21: MDF 18MM | B21: =B27 -> 2 | D21: =J21+D$20 -> 3040 | E21: =K21+E20 -> 880 | F21: =C27 -> CUB C/R 180° | I21: =B27 -> 2 | J21: =D27 -> 3000 | K21: =E27 -> 700
B24: MEDIDAS ORIGINALES
A26: MATERIAL | B26: CANTIDAD | C26: DESCRIPCIÓN | D26: ALTO | E26: ANCHO | F26: COLOR
A27: MDF 18MM | B27: ='5770'!B20 -> 2 | C27: ='5770'!C20 -> CUB C/R 180° | D27: ='5770'!D20 -> 3000 | E27: ='5770'!E20 -> 700 | F27: ='5770'!F20 -> BLANCO OPACO MERINO 22191
C37: NOTA DE VENTA : | E37: ='5770'!G8 -> 7026
C38: CLIENTE : | D38: ='5770'!C10 -> GAD INVERSIONES Y NEGOCIOS SPA
C40: ='[1]4637'!F11 -> FECHA ENTREGA : | E40: ='5770'!G11 -> 45310
E41: ='5770'!B15 -> CIUDAD: | F41: ='5770'!C15 -> SANTIAGO
A43: PRODUCCIÓN
B45: DETALLE
B46: CANTIDAD | C46: DESCRIPCION | D46: ALTO | E46: ANCHO | F46: COLOR
A47: MDF 18MM | B47: ='5770'!B20 -> 2 | C47: ='5770'!C20 -> CUB C/R 180° | D47: ='5770'!D20 -> 3000 | E47: ='5770'!E20 -> 700 | F47: ='5770'!F20 -> BLANCO OPACO MERINO 22191
B53: Observaciones:
B55: OBSERVACIONES:
